local,ultimo_mes_pagado,ultimo_mes_pagado_raw,payment_status,recibo,receipt_date,category,path
SO-43,2025-06,2025-06,COMPLETO,,2025-08-01,GC,"2025/AGOSTO 2025/RECIBO DE PAGO Nº 01291 LUIS R, DUQUE GT DEPOSITO SEPT 2024 A JUNIO 2025.docx"
L-02,2025-06,2025-06,COMPLETO,,2025-10-08,GC,"2025/OCTUBRE 2025/RECIBO DE PAGO Nº 01760 VERA L, LUCAS GT MAYO Y JUNIO 2025 .docx"
K-03,2025-06,2025-06,COMPLETO,18,2025-10-27,GC,"2025/OCTUBRE 2025/RECIBO DE PAGO Nº 01863 ANGELICA, BARRIOS GT AGOSTO 2024 A JUNIO 2025.docx"
J-02,2025-06,2025-06,COMPLETO,,2025-08-06,GC,"2025/AGOSTO 2025/RECIBO DE PAGO Nº 01308 MARIA A, MACHADO GASTOS COMUNES ABRIL A JUNIO 2025.docx"
I-09,2025-06,2025-06,COMPLETO,,2025-08-27,GC,"2025/AGOSTO 2025/RECIBO DE PAGO Nº 01454  MARIA C, RAMIRES GT FEBRERO A JUNIO  2025 100%.docx"
I-07,2025-06,2025-06,COMPLETO,,2025-07-30,GC,"2025/JULIO 2025/RECIBO DE PAGO Nº 01273 YUBIRY, CERVEN GT ABRIL A JUNIO 2025 .docx"
H-22,2025-06,2025-06,COMPLETO,,2025-07-06,GC,"2025/JULIO 2025/RECIBO DE PAGO Nº 01204 SULAY C, GARCIA GT ABRIL A JUNIO 2025.docx"
H-21,2025-06,2025-07,COMPLETO,,2025-08-22,GC,"2025/AGOSTO 2025/RECIBO DE PAGO Nº 01446 EDUARDO, ROJAS GT JULIO 2025.docx"
H-18,2025-06,2025-06,COMPLETO,16,2025-09-01,GC,"2025/SEPTIEMBRE 2025/RECIBO DE PAGO Nº 01692 JOSE B, DULCEY GT OCT 2024 A JUN 2025.docx"
H-17,2025-06,2025-06,COMPLETO,16,2025-09-01,GC,"2025/SEPTIEMBRE 2025/RECIBO DE PAGO Nº 01693 MARINA L, DULCEY GT MAYO Y JUN 2025.docx"
H-11,2025-06,2025-06,COMPLETO,,2025-10-21,GC,"2025/OCTUBRE 2025/RECIBO DE PAGO Nº 01799 CESIDIO, NUNES GT FEBRERO A JUNIO 2025 .docx"
H-10,2025-06,2025-06,COMPLETO,,2025-10-21,GC,"2025/OCTUBRE 2025/RECIBO DE PAGO Nº 01799 CESIDIO, NUNES GT FEBRERO A JUNIO 2025 .docx"
GM-12,2025-06,2025-06,COMPLETO,,2025-07-21,GC,"2025/JULIO 2025/RECIBO DE PAGO Nº 01234 JOSE A, MENDOZA GT FEB A JUNIO 2025.docx"
G-21B,2025-06,2025-06,COMPLETO,,2025-10-03,GC,"2025/OCTUBRE 2025/RECIBO DE PAGO Nº 01835 FILOMENA, PUIG GT ABRIL A JUNIO 2025.docx"
G-21A,2025-06,2025-06,COMPLETO,,2025-10-03,GC,"2025/OCTUBRE 2025/RECIBO DE PAGO Nº 01835 FILOMENA, PUIG GT ABRIL A JUNIO 2025.docx"
G-19,2025-06,2025-06,COMPLETO,,2025-09-11,GC,"2025/SEPTIEMBRE 2025/RECIBO DE PAGO Nº 01573 GLORIA M, MARTELL GT MAYO Y JUNIO  2025.docx"
G-15B,2025-06,2025-06,COMPLETO,16,2025-09-01,GC,"2025/SEPTIEMBRE 2025/RECIBO DE PAGO Nº 01696 MIGUEL A, PEREIRA GT MARZO A JUNIO 2025 .docx"
G-14,2025-06,2025-06,COMPLETO,,2025-11-04,GC,"2025/NOVIEMBRE 2025/RECIBO DE PAGO Nº 01877 ELIAS J, MARTINEZ GT ABRIL A JUNIO 2025.docx"
G-13,2025-06,2025-08,COMPLETO,1609,2025-09-22,GC,"2025/SEPTIEMBRE 2025/RECIBO DE PAGO Nº 01609 JOSE, GOMEZ J GC AGOSTO 2025 - 100%.docx"
FL-12,2025-06,2025-06,COMPLETO,,2025-07-04,GC,"2025/JULIO 2025/RECIBO DE PAGO Nº 01145 JUANA, DELGADO GT JUNIO 2025 .docx"
FL-10,2025-06,2025-06,COMPLETO,,2025-08-02,GC,"2025/AGOSTO 2025/RECIBO DE PAGO Nº 01442 EVA E, RAMOS ENERO A JUNIO 2025 GASTOS COMUNES.docx"
FL-08,2025-06,2025-06,COMPLETO,,2025-07-04,GC,"2025/JULIO 2025/RECIBO DE PAGO Nº 01144 MAIRA B, FARIAS GT JUNIO 2025 .docx"
FL-06,2025-06,2025-06,COMPLETO,,2025-07-03,GC,"2025/JULIO 2025/RECIBO DE PAGO Nº 01139 MARIA S, GONCALVES GT JUNIO 2025 .docx"
FL-05,2025-06,2025-06,COMPLETO,,2025-07-03,GC,"2025/JULIO 2025/RECIBO DE PAGO Nº 01139 MARIA S, GONCALVES GT JUNIO 2025 .docx"
FL-03,2025-06,2025-06,COMPLETO,,2025-07-03,GC,"2025/JULIO 2025/RECIBO DE PAGO Nº 01140 JOSE E, DA ENCARNECAO GT JUNIO 2025 .docx"
FL-02,2025-06,2025-06,COMPLETO,,2025-07-04,GC,"2025/JULIO 2025/RECIBO DE PAGO Nº 01148 ROSA I, ATOPO GT JUNIO 2025 .docx"
F-35,2025-06,2025-06,COMPLETO,,2025-08-05,GC,"2025/AGOSTO 2025/RECIBO DE PAGO Nº 01301 WILMER J, MARTINEZ GT ABRIL A JUNIO 2025.docx"
F-34,2025-06,2025-06,COMPLETO,,2025-08-05,GC,"2025/AGOSTO 2025/RECIBO DE PAGO Nº 01301 WILMER J, MARTINEZ GT ABRIL A JUNIO 2025.docx"
F-32,2025-06,2025-06,COMPLETO,,2025-08-05,GC,"2025/AGOSTO 2025/RECIBO DE PAGO Nº 01300 YUDIS M, AYALA GT ABRIL A JUNIO 2025.docx"
F-20,2025-06,2025-06,COMPLETO,,2025-10-04,GC,"2025/OCTUBRE 2025/RECIBO DE PAGO Nº 01851 MICHELL G, OROPEZA GT ABR A JUNIO 2025.docx"
E-26,2025-06,2025-06,COMPLETO,,2025-08-06,GC,"2025/AGOSTO 2025/RECIBO DE PAGO Nº 01332 FRANCISCA E, MEDINA GT AGOSTO 2024 A JUNIO 2025 .docx"
E-18,2025-06,2025-06,COMPLETO,,2025-07-09,GC,"2025/JULIO 2025/RECIBO DE PAGO Nº 01266 YESSIKA A, MARTURER GT JUNIO 2025 .docx"
DM-34,2025-06,2025-06,COMPLETO,,2025-09-03,GC,"2025/SEPTIEMBRE 2025/RECIBO DE PAGO Nº 01507 RICARDO, GONZALEZ GT ABRIL A JUNIO 2025.docx"
DM-33,2025-06,2025-06,COMPLETO,,2025-09-03,GC,"2025/SEPTIEMBRE 2025/RECIBO DE PAGO Nº 01507 RICARDO, GONZALEZ GT ABRIL A JUNIO 2025.docx"
DM-32,2025-06,2025-06,COMPLETO,,2025-09-03,GC,"2025/SEPTIEMBRE 2025/RECIBO DE PAGO Nº 01507 RICARDO, GONZALEZ GT ABRIL A JUNIO 2025.docx"
DM-31,2025-06,2025-06,COMPLETO,,2025-09-03,GC,"2025/SEPTIEMBRE 2025/RECIBO DE PAGO Nº 01507 RICARDO, GONZALEZ GT ABRIL A JUNIO 2025.docx"
DM-30,2025-06,2025-06,COMPLETO,,2025-09-03,GC,"2025/SEPTIEMBRE 2025/RECIBO DE PAGO Nº 01507 RICARDO, GONZALEZ GT ABRIL A JUNIO 2025.docx"
DM-29,2025-06,2025-06,COMPLETO,,2025-09-03,GC,"2025/SEPTIEMBRE 2025/RECIBO DE PAGO Nº 01507 RICARDO, GONZALEZ GT ABRIL A JUNIO 2025.docx"
DM-28,2025-06,2025-06,COMPLETO,,2025-09-03,GC,"2025/SEPTIEMBRE 2025/RECIBO DE PAGO Nº 01507 RICARDO, GONZALEZ GT ABRIL A JUNIO 2025.docx"
DM-27,2025-06,2025-06,COMPLETO,,2025-09-04,GC,"2025/SEPTIEMBRE 2025/RECIBO DE PAGO Nº 01516 MARTHA E, PEÑA GT ABRIL A JUNIO 2025.docx"
DM-26,2025-06,2025-06,COMPLETO,,2025-09-04,GC,"2025/SEPTIEMBRE 2025/RECIBO DE PAGO Nº 01516 MARTHA E, PEÑA GT ABRIL A JUNIO 2025.docx"
DM-25,2025-06,2025-06,COMPLETO,,2025-09-04,GC,"2025/SEPTIEMBRE 2025/RECIBO DE PAGO Nº 01516 MARTHA E, PEÑA GT ABRIL A JUNIO 2025.docx"
DM-24,2025-06,2025-06,COMPLETO,,2025-09-04,GC,"2025/SEPTIEMBRE 2025/RECIBO DE PAGO Nº 01516 MARTHA E, PEÑA GT ABRIL A JUNIO 2025.docx"
DM-23,2025-06,2025-06,COMPLETO,,2025-09-04,GC,"2025/SEPTIEMBRE 2025/RECIBO DE PAGO Nº 01516 MARTHA E, PEÑA GT ABRIL A JUNIO 2025.docx"
DM-04,2025-06,2025-07,COMPLETO,,2025-09-03,GC,"2025/SEPTIEMBRE 2025/RECIBO DE PAGO Nº 01511 ANGELINA M, RIZQUEZ GC MARZO A JULIO 2025 DM-03 Y DM 04 - 100%.docx"
DM-03,2025-06,2025-07,COMPLETO,,2025-09-03,GC,"2025/SEPTIEMBRE 2025/RECIBO DE PAGO Nº 01511 ANGELINA M, RIZQUEZ GC MARZO A JULIO 2025 DM-03 Y DM 04 - 100%.docx"
D-25,2025-06,2025-06,COMPLETO,,2025-08-06,GC,"2025/AGOSTO 2025/RECIBO DE PAGO Nº 01302 BLANCA R, CORDOVA GT MAYO Y JUNIO 2025.docx"
D-24,2025-06,2025-06,COMPLETO,,2025-08-06,GC,"2025/AGOSTO 2025/RECIBO DE PAGO Nº 01302 BLANCA R, CORDOVA GT MAYO Y JUNIO 2025.docx"
D-23,2025-06,2025-06,COMPLETO,,2025-07-10,GC,"2025/JULIO 2025/RECIBO DE PAGO Nº 01171 ALBA M, MESINO GT MAYO Y JUNIO 2025.docx"
D-22,2025-06,2025-06,COMPLETO,,2025-07-10,GC,"2025/JULIO 2025/RECIBO DE PAGO Nº 01171 ALBA M, MESINO GT MAYO Y JUNIO 2025.docx"
CM-06,2025-06,2025-06,COMPLETO,1,2025-10-01,GC,"2025/OCTUBRE 2025/RECIBO DE PAGO Nº 01707 JOSEFINA, RIGGI GT FEB A JUNIO 2025 .docx"
C-22,2025-06,2025-06,COMPLETO,1836,2025-10-23,GC,"2025/OCTUBRE 2025/RECIBO DE PAGO Nº 01836 CESIDIO, NUNES   GASTOS COMUNES RESTANTE AGOSTO Y EL RESTO HASTA JUNIO    2025 - 100%.docx"
C-21,2025-06,2025-06,COMPLETO,1836,2025-10-23,GC,"2025/OCTUBRE 2025/RECIBO DE PAGO Nº 01836 CESIDIO, NUNES   GASTOS COMUNES RESTANTE AGOSTO Y EL RESTO HASTA JUNIO    2025 - 100%.docx"
C-20,2025-06,2025-06,COMPLETO,1836,2025-10-23,GC,"2025/OCTUBRE 2025/RECIBO DE PAGO Nº 01836 CESIDIO, NUNES   GASTOS COMUNES RESTANTE AGOSTO Y EL RESTO HASTA JUNIO    2025 - 100%.docx"
C-17,2025-06,2025-06,COMPLETO,,2025-07-09,GC,"2025/JULIO 2025/RECIBO DE PAGO Nº 01267 MIGUEL A, TORRES  GT JUNIO 2025 .docx"
C-16,2025-06,2025-06,COMPLETO,,2025-07-09,GC,"2025/JULIO 2025/RECIBO DE PAGO Nº 01267 MIGUEL A, TORRES  GT JUNIO 2025 .docx"
C-15,2025-06,2025-06,COMPLETO,,2025-07-09,GC,"2025/JULIO 2025/RECIBO DE PAGO Nº 01267 MIGUEL A, TORRES  GT JUNIO 2025 .docx"
C-14,2025-06,2025-06,COMPLETO,,2025-07-09,GC,"2025/JULIO 2025/RECIBO DE PAGO Nº 01267 MIGUEL A, TORRES  GT JUNIO 2025 .docx"
C-06,2025-06,2025-06,COMPLETO,,2025-07-21,GC,"2025/JULIO 2025/RECIBO DE PAGO Nº 01222 ANTHONNY Y, HERNANDEZ GT ABRIL A JUNIO 2025.docx"
C-05,2025-06,2025-06,COMPLETO,,2025-07-21,GC,"2025/JULIO 2025/RECIBO DE PAGO Nº 01222 ANTHONNY Y, HERNANDEZ GT ABRIL A JUNIO 2025.docx"
C-04,2025-06,2025-06,COMPLETO,,2025-07-21,GC,"2025/JULIO 2025/RECIBO DE PAGO Nº 01222 ANTHONNY Y, HERNANDEZ GT ABRIL A JUNIO 2025.docx"
BM-23,2025-06,2025-06,COMPLETO,,2025-08-06,GC,"2025/AGOSTO 2025/RECIBO DE PAGO Nº 01308 MARIA A, MACHADO GASTOS COMUNES ABRIL A JUNIO 2025.docx"
BM-22,2025-06,2025-07,COMPLETO,,2025-08-13,GC,"2025/AGOSTO 2025/RECIBO DE PAGO Nº 01394 JIMMY W, LUISE GT MARZO A JULIO 2025 .docx"
B-46,2025-06,2025-06,COMPLETO,,2025-07-09,GC,"2025/JULIO 2025/RECIBO DE PAGO Nº 01269 JUDITH G, MORENO GT ABRIL A JUNIO 2025 .docx"
B-45,2025-06,2025-06,COMPLETO,,2025-07-09,GC,"2025/JULIO 2025/RECIBO DE PAGO Nº 01269 JUDITH G, MORENO GT ABRIL A JUNIO 2025 .docx"
B-44,2025-06,2025-06,COMPLETO,,2025-07-09,GC,"2025/JULIO 2025/RECIBO DE PAGO Nº 01269 JUDITH G, MORENO GT ABRIL A JUNIO 2025 .docx"
B-43,2025-06,2025-06,COMPLETO,,2025-07-09,GC,"2025/JULIO 2025/RECIBO DE PAGO Nº 01269 JUDITH G, MORENO GT ABRIL A JUNIO 2025 .docx"
B-42,2025-06,2025-06,COMPLETO,,2025-07-09,GC,"2025/JULIO 2025/RECIBO DE PAGO Nº 01269 JUDITH G, MORENO GT ABRIL A JUNIO 2025 .docx"
B-14,2025-06,2025-06,COMPLETO,,2025-10-04,GC,"2025/OCTUBRE 2025/RECIBO DE PAGO Nº 01851 MICHELL G, OROPEZA GT ABR A JUNIO 2025.docx"
AM-17,2025-06,2025-06,COMPLETO,,2025-08-29,GC,"2025/AGOSTO 2025/RECIBO DE PAGO Nº 01486 JOSE M, HERNANDEZ GT JUNIO 2025 - 100%.docx"
AM-16,2025-06,2025-06,COMPLETO,,2025-08-29,GC,"2025/AGOSTO 2025/RECIBO DE PAGO Nº 01486 JOSE M, HERNANDEZ GT JUNIO 2025 - 100%.docx"
AM-15,2025-06,2025-06,COMPLETO,,2025-08-29,GC,"2025/AGOSTO 2025/RECIBO DE PAGO Nº 01486 JOSE M, HERNANDEZ GT JUNIO 2025 - 100%.docx"
AM-14,2025-06,2025-06,COMPLETO,,2025-08-29,GC,"2025/AGOSTO 2025/RECIBO DE PAGO Nº 01486 JOSE M, HERNANDEZ GT JUNIO 2025 - 100%.docx"
AM-13,2025-06,2025-06,COMPLETO,,2025-08-29,GC,"2025/AGOSTO 2025/RECIBO DE PAGO Nº 01486 JOSE M, HERNANDEZ GT JUNIO 2025 - 100%.docx"
S-51,2025-05,2025-05,COMPLETO,,2025-05-08,MIXED,"2025/MAYO 2025/RECIBO DE PAGO Nº 00785 EVA, NUÑEZ LOCKER ENERO A MAYO 2025.docx"
S-39,2025-05,2025-05,COMPLETO,,2025-06-02,GC,"2025/JUNIO 2025/RECIBO DE PAGO Nº 00958 MAIRA B, FARIAS DEPOSITO S-39 GC ABRIL Y MAYO  2025-100% .docx"
HM-16,2025-05,2025-05,COMPLETO,,2025-07-02,GC,"2025/JULIO 2025/RECIBO DE PAGO Nº 01128 CARMEN, VILORIA GT FEBRERO A MAYO 2025.docx"
GM-28,2025-05,2025-05,COMPLETO,,2025-11-07,GC,"2025/NOVIEMBRE 2025/RECIBO DE PAGO Nº 02036 MARIELA, RODRIGUEZ GT MAYO 2025.docx"
FL-04,2025-06,2025-06,COMPLETO,,2025-06-06,GC,"2025/JUNIO 2025/RECIBO DE PAGO Nº 00983 LUIS R, DUQUE GT ABRIL Y MAYO 2025.docx"
D-41,2025-05,2025-05,COMPLETO,0,2025-06-09,GC,"2025/JUNIO 2025/RECIBO DE PAGO Nº 00996 ORLANDO, BONALDY GT ENERO A MAYO 2025.docx"
D-40,2025-05,2025-05,COMPLETO,0,2025-06-09,GC,"2025/JUNIO 2025/RECIBO DE PAGO Nº 00996 ORLANDO, BONALDY GT ENERO A MAYO 2025.docx"
D-39,2025-06,2025-06,COMPLETO,0,2025-06-09,GC,"2025/JUNIO 2025/RECIBO DE PAGO Nº 00996 ORLANDO, BONALDY GT ENERO A MAYO 2025.docx"
D-38,2025-06,2025-06,COMPLETO,0,2025-06-09,GC,"2025/JUNIO 2025/RECIBO DE PAGO Nº 00996 ORLANDO, BONALDY GT ENERO A MAYO 2025.docx"
D-37,2025-05,2025-05,COMPLETO,0,2025-06-09,GC,"2025/JUNIO 2025/RECIBO DE PAGO Nº 00996 ORLANDO, BONALDY GT ENERO A MAYO 2025.docx"
D-35,2025-05,2025-05,COMPLETO,,2025-06-03,GC,"2025/JUNIO 2025/RECIBO DE PAGO Nº 00960 CARMEN J, MARIN GT FEBRERO A MAYO 2025.docx"
B-26,2025-06,2025-06,COMPLETO,,2025-06-09,GC,"2025/JUNIO 2025/RECIBO DE PAGO Nº 01079 ELEOCTINES , PIERLUSSI GT AGOSTO 2024 A MAYO 2025.docx"
SO-42,2025-04,2025-04,COMPLETO,,2025-05-09,MIXED,"2025/MAYO 2025/RECIBO DE PAGO Nº 00791 CESIDIO, NUNES DEPOSITO SO-42.docx"
HM-11,2025-04,2025-04,COMPLETO,,2025-11-28,GC,"2025/NOVIEMBRE 2025/RECIBO DE PAGO Nº 02058 LESBIA T, ARIAS GT ABRIL 2025.docx"
H-20,2025-04,2025-04,COMPLETO,,2025-11-28,GC,"2025/NOVIEMBRE 2025/RECIBO DE PAGO Nº 02058 LESBIA T, ARIAS GT ABRIL 2025.docx"
H-19,2025-04,2025-04,COMPLETO,,2025-11-28,GC,"2025/NOVIEMBRE 2025/RECIBO DE PAGO Nº 02058 LESBIA T, ARIAS GT ABRIL 2025.docx"
F-40,2025-04,2025-04,COMPLETO,,2025-05-28,GC,2025/MAYO 2025/RECIBO DE PAGO Nº 00914 MAGALY MERCEDES GASTOS COMUNES DICIEMBRE A ABRIL 2025 .docx
E-19,2025-06,2025-06,COMPLETO,1579,2025-09-12,GC,"2025/SEPTIEMBRE 2025/RECIBO DE PAGO Nº 01579 LISMAR C, BLANCO GC MARZO Y ABRIL 2025 - 100%.docx"
B-32,2025-06,2025-06,COMPLETO,1579,2025-09-12,GC,"2025/SEPTIEMBRE 2025/RECIBO DE PAGO Nº 01579 LISMAR C, BLANCO GC MARZO Y ABRIL 2025 - 100%.docx"
SO-49,2025-03,2025-03,COMPLETO,,2025-11-07,GC,"2025/NOVIEMBRE 2025/RECIBO DE PAGO Nº 02043 FRANCISCO J, ARIAS GT MARZO 2025.docx"
S-38,2025-03,2025-03,COMPLETO,,2025-04-15,GC,"2025/ABRIL 2025/RECIBO DE PAGO Nº 00658 RICARDO, GONZALEZ GT MARZO 2025 S-38 DEPOSITO.docx"
J-10,2025-04,2025-04,COMPLETO,,2025-05-04,GC,"2025/MAYO 2025/RECIBO DE PAGO Nº 00811 KATTY C, ROJAS GT FEBRERO Y MARZO 2025.docx"
G-21,2025-03,2025-03,COMPLETO,,2025-09-08,GC,"2025/SEPTIEMBRE 2025/RECIBO DE PAGO Nº 01591 FILOMENA, PUIG GT MARZO 2025.docx"
FL-11,2025-04,2025-04,COMPLETO,,2025-05-03,GC,"2025/MAYO 2025/RECIBO DE PAGO Nº 00805 GLAYDE M, CONDE GT MARZO 2025.docx"
FL-09,2025-04,2025-04,COMPLETO,,2025-05-03,GC,"2025/MAYO 2025/RECIBO DE PAGO Nº 00805 GLAYDE M, CONDE GT MARZO 2025.docx"
FL-07,2025-04,2025-04,COMPLETO,,2025-05-16,GC,"2025/MAYO 2025/RECIBO DE PAGO Nº 00842 DOUGLAS C, TORREALBA GT MARZO 2025.docx"
CM-33,2025-04,2025-04,COMPLETO,,2025-05-07,GC,"2025/MAYO 2025/RECIBO DE PAGO Nº 00777 ANA G, ARRAIZ GT MARZO 2025.docx"
CM-32,2025-04,2025-04,COMPLETO,,2025-05-07,GC,"2025/MAYO 2025/RECIBO DE PAGO Nº 00777 ANA G, ARRAIZ GT MARZO 2025.docx"
CM-31,2025-04,2025-04,COMPLETO,,2025-05-07,GC,"2025/MAYO 2025/RECIBO DE PAGO Nº 00776 GUSTAVO J, ARRAIZ GT MARZO 2025.docx"
CM-30,2025-04,2025-04,COMPLETO,,2025-05-07,GC,"2025/MAYO 2025/RECIBO DE PAGO Nº 00776 GUSTAVO J, ARRAIZ GT MARZO 2025.docx"
CM-29,2025-04,2025-04,COMPLETO,,2025-05-07,GC,"2025/MAYO 2025/RECIBO DE PAGO Nº 00776 GUSTAVO J, ARRAIZ GT MARZO 2025.docx"
CM-28,2025-04,2025-04,COMPLETO,,2025-05-07,GC,"2025/MAYO 2025/RECIBO DE PAGO Nº 00771 LUIS G, ARRAIZ GT MARZO 2025.docx"
CM-27,2025-04,2025-04,COMPLETO,,2025-05-07,GC,"2025/MAYO 2025/RECIBO DE PAGO Nº 00771 LUIS G, ARRAIZ GT MARZO 2025.docx"
CM-26,2025-04,2025-04,COMPLETO,,2025-05-07,GC,"2025/MAYO 2025/RECIBO DE PAGO Nº 00780 PATROCINIA, ECHEVERRIA GT MARZO 2025.docx"
CM-25,2025-04,2025-04,COMPLETO,,2025-05-07,GC,"2025/MAYO 2025/RECIBO DE PAGO Nº 00780 PATROCINIA, ECHEVERRIA GT MARZO 2025.docx"
CM-04,2025-04,2025-04,COMPLETO,0,2025-04-14,GC,"2025/ABRIL 2025/RECIBO DE PAGO Nº 00655 DANIEL E, RAMOS GASTOS COMUNES ENERO A MARZO 2025 14-04-2025.docx"
CM-03,2025-04,2025-04,COMPLETO,0,2025-04-14,GC,"2025/ABRIL 2025/RECIBO DE PAGO Nº 00655 DANIEL E, RAMOS GASTOS COMUNES ENERO A MARZO 2025 14-04-2025.docx"
AM-05,2025-04,2025-04,COMPLETO,,2025-05-07,GC,"2025/MAYO 2025/RECIBO DE PAGO Nº 00770 LILIANA E, GIL GT MARZO 2025.docx"
AM-04,2025-04,2025-04,COMPLETO,,2025-05-07,GC,"2025/MAYO 2025/RECIBO DE PAGO Nº 00770 LILIANA E, GIL GT MARZO 2025.docx"
AM-03,2025-04,2025-04,COMPLETO,,2025-05-07,GC,"2025/MAYO 2025/RECIBO DE PAGO Nº 00770 LILIANA E, GIL GT MARZO 2025.docx"
AM-02,2025-04,2025-04,COMPLETO,,2025-05-07,GC,"2025/MAYO 2025/RECIBO DE PAGO Nº 00770 LILIANA E, GIL GT MARZO 2025.docx"
AM-01,2025-04,2025-04,COMPLETO,,2025-05-07,GC,"2025/MAYO 2025/RECIBO DE PAGO Nº 00770 LILIANA E, GIL GT MARZO 2025.docx"
L-04,2025-02,2025-02,COMPLETO,,2025-03-08,GC,"2025/MARZO 2025/RECIBO DE PAGO Nº 00576 JOSE L, DA SILVA GT FEBRERO 2025.docx"
L-03,2025-02,2025-02,COMPLETO,,2025-03-08,GC,"2025/MARZO 2025/RECIBO DE PAGO Nº 00575 JOSE G, JARDIN GT FEBRERO 2025.docx"
J-09,2025-02,2025-02,COMPLETO,0,2025-03-03,GC,"2025/MARZO 2025/RECIBO DE PAGO Nº 00474 EVA, NUÑES GT DIC 2024 A FEBRERO 2025.docx"
HM-03,2025-04,2025-04,COMPLETO,,2025-03-06,GC,"2025/MARZO 2025/RECIBO DE PAGO Nº 00550 CELIA, FERNANDEZ GT FEBRERO 2025.docx"
E-44,2025-02,2025-02,COMPLETO,,2025-04-06,GC,"2025/ABRIL 2025/RECIBO DE PAGO Nº 00664 MARIA E, COLINA GT AGOSTO 2024 A FEB 2025.docx"
E-06,2025-04,2025-04,COMPLETO,16,2025-09-01,GC,"2025/SEPTIEMBRE 2025/RECIBO DE PAGO Nº 01666 FRANCISCO J, ARIAS GT FEBRERO 2025.docx"
D-34,2025-06,2025-06,COMPLETO,,2025-06-03,GC,"2025/JUNIO 2025/RECIBO DE PAGO Nº 00961 ADELINA E, NUÑEZ GT ENERO Y FEBRERO 2025.docx"
B-22,2025-02,2025-02,COMPLETO,,2025-04-06,GC,"2025/ABRIL 2025/RECIBO DE PAGO Nº 00664 MARIA E, COLINA GT AGOSTO 2024 A FEB 2025.docx"
A-20,2025-02,2025-02,COMPLETO,,2025-03-01,GC,"2025/MARZO 2025/RECIBO DE PAGO Nº 00536 MARIA E, COLINA GT AGOSTO 2024 A FEB 2025.docx"
K-01,2025-05,2025-05,COMPLETO,,2025-05-09,MIXED,"2025/MAYO 2025/RECIBO DE PAGO Nº 00800 ANGELINA M ,RIZQUEZ GASTOS DE SANEAMIENTO.docx"
HM-25,2025-01,2025-01,COMPLETO,0,2025-03-10,GC,"2025/MARZO 2025/RECIBO DE PAGO Nº 00442 HORACIO A, FREITAS GT AGOSTO 2024 A ENERO 2025.docx"
HM-04,2025-01,2025-01,COMPLETO,,2025-05-09,MIXED,"2025/MAYO 2025/RECIBO DE PAGO Nº 00796 CARMEN M, PEREZ GASTOS DE SANEAMIENTO.docx"
H-12,2025-06,2025-06,COMPLETO,,2025-11-06,GC,"2025/NOVIEMBRE 2025/RECIBO DE PAGO Nº 01904 MICHELLE, FERNANDEZ GT SEPT 2024 A ENERO 2025 - 100%.docx"
G-09,2025-01,2025-01,COMPLETO,,2025-05-20,GC,"2025/MAYO 2025/RECIBO DE PAGO Nº 00871 MARIA, PEREIRA GT AGOSTO 2024 A ENERO 2025 .docx"
F-23,2025-01,2025-01,COMPLETO,350,2025-02-25,GC,"2025/FEBRERO 2025/RECIBO DE PAGO Nº 00350 JOAO A, FIGUEIRA GT ENERO 2025.docx"
B-38,2025-06,2025-06,COMPLETO,,2025-09-12,GC,"2025/SEPTIEMBRE 2025/RECIBO DE PAGO Nº 01583 FRANCISCO J, ARIAS GT ENERO 2025.docx"
A-27,2025-01,2025-01,COMPLETO,385,2025-02-27,GC,"2025/FEBRERO 2025/RECIBO DE PAGO Nº 00385 MARIBEL, ULLOA AGOSTO 2024 A ENERO 2025.docx"
A-25,2025-01,2025-01,COMPLETO,350,2025-02-25,GC,"2025/FEBRERO 2025/RECIBO DE PAGO Nº 00350 JOAO A, FIGUEIRA GT ENERO 2025.docx"
A-17,2025-04,2025-04,COMPLETO,,2025-09-12,GC,"2025/SEPTIEMBRE 2025/RECIBO DE PAGO Nº 01583 FRANCISCO J, ARIAS GT ENERO 2025.docx"
J-12,2024-12,2024-12,COMPLETO,,2025-05-03,GC,"2025/MAYO 2025/RECIBO DE PAGO Nº 00895 MERVIN D, ROJAS DIC 2024.docx"
J-11,2024-12,2024-12,COMPLETO,,2025-05-03,GC,"2025/MAYO 2025/RECIBO DE PAGO Nº 00895 MERVIN D, ROJAS DIC 2024.docx"
H-07,2025-04,2025-04,COMPLETO,150,2025-01-30,GC,"2025/ENERO 2025/RECIBO DE PAGO Nº 00150 ANGELA A, ABREU SEPT A DIC 2024 GASTOS COMUNES.docx"
H-06,2025-04,2025-04,COMPLETO,150,2025-01-30,GC,"2025/ENERO 2025/RECIBO DE PAGO Nº 00150 ANGELA A, ABREU SEPT A DIC 2024 GASTOS COMUNES.docx"
H-05,2025-04,2025-04,COMPLETO,151,2025-01-30,GC,"2025/ENERO 2025/RECIBO DE PAGO Nº 00151 JOAO M, NUNES SEPT A DIC 2024 GASTOS COMUNES.docx"
H-04,2025-04,2025-04,COMPLETO,151,2025-01-30,GC,"2025/ENERO 2025/RECIBO DE PAGO Nº 00151 JOAO M, NUNES SEPT A DIC 2024 GASTOS COMUNES.docx"
GM-29,2024-12,2024-12,COMPLETO,192,2025-02-05,GC,"2025/FEBRERO 2025/RECIBO DE PAGO Nº 00192 DAIBELYS, OCHOA GT OCTUBRE A DIC 2024.docx"
GM-11,2024-12,2024-12,COMPLETO,0,2025-08-20,GC,"2025/AGOSTO 2025/RECIBO DE PAGO Nº 01427 YOHANA C, MENDOZA GASTOS COMUNES DIC 2024.docx"
GM-10,2024-12,2024-12,COMPLETO,0,2025-08-20,GC,"2025/AGOSTO 2025/RECIBO DE PAGO Nº 01427 YOHANA C, MENDOZA GASTOS COMUNES DIC 2024.docx"
G-10,2024-12,2024-12,COMPLETO,,2025-04-04,GC,"2025/ABRIL 2025/RECIBO DE PAGO Nº 00621 YESMIN, QUINTERO GT AGOSTO 2024.docx"
DM-21,2024-12,2024-12,COMPLETO,,2025-05-04,GC,"2025/MAYO 2025/RECIBO DE PAGO Nº 00824 EMILTER J, BETANCOURT GT SEPT A DIC 2024.docx"
D-16,2024-12,2024-12,COMPLETO,,2025-05-02,GC,"2025/MAYO 2025/RECIBO DE PAGO Nº 00894 MIRRAY, VASQUEZ GT AGOSTO A DIC 2024.docx"
D-15,2024-12,2024-12,COMPLETO,,2025-05-03,GC,"2025/MAYO 2025/RECIBO DE PAGO Nº 00907 MILEYDA, VASQUEZ GT SEPT A DIC 2024.docx"
D-14,2024-12,2024-12,COMPLETO,,2025-05-02,GC,"2025/MAYO 2025/RECIBO DE PAGO Nº 00894 MIRRAY, VASQUEZ GT AGOSTO A DIC 2024.docx"
D-13,2024-12,2024-12,COMPLETO,,2025-05-03,GC,"2025/MAYO 2025/RECIBO DE PAGO Nº 00907 MILEYDA, VASQUEZ GT SEPT A DIC 2024.docx"
CM-34,2024-12,2024-12,COMPLETO,193,2025-02-05,GC,"2025/FEBRERO 2025/RECIBO DE PAGO Nº 00193 DAYANA C, RUJANO GT OCTUBRE A DIC 2024.docx"
CM-01,2024-12,2024-12,COMPLETO,193,2025-02-05,GC,"2025/FEBRERO 2025/RECIBO DE PAGO Nº 00193 DAYANA C, RUJANO GT OCTUBRE A DIC 2024.docx"
C-46,2025-06,2025-06,COMPLETO,194,2025-02-05,GC,"2025/FEBRERO 2025/RECIBO DE PAGO Nº 00194 CARLOS M, MENDEZ GT OCTUBRE A DIC 2024.docx"
C-09,2024-12,2024-12,COMPLETO,195,2025-02-05,GC,"2025/FEBRERO 2025/RECIBO DE PAGO Nº 00195 ERMELINDA, LIRA GT OCTUBRE A DIC 2024.docx"
C-08,2024-12,2024-12,COMPLETO,195,2025-02-05,GC,"2025/FEBRERO 2025/RECIBO DE PAGO Nº 00195 ERMELINDA, LIRA GT OCTUBRE A DIC 2024.docx"
C-07,2024-12,2024-12,COMPLETO,195,2025-02-05,GC,"2025/FEBRERO 2025/RECIBO DE PAGO Nº 00195 ERMELINDA, LIRA GT OCTUBRE A DIC 2024.docx"
C-03,2025-06,2025-06,COMPLETO,194,2025-02-05,GC,"2025/FEBRERO 2025/RECIBO DE PAGO Nº 00194 CARLOS M, MENDEZ GT OCTUBRE A DIC 2024.docx"
B-39,2024-12,2024-12,COMPLETO,,2025-05-04,GC,"2025/MAYO 2025/RECIBO DE PAGO Nº 00824 EMILTER J, BETANCOURT GT SEPT A DIC 2024.docx"
B-36,2024-12,2024-12,COMPLETO,,2025-09-18,GC,2025/SEPTIEMBRE 2025/RECIBO DE PAGO Nº 01592 MARIA I FERNANDEZ  RESTANTE GC SEPTIEMBRE A DICIEMBRE 2024.docx
B-35,2024-12,2024-12,COMPLETO,,2025-09-18,GC,2025/SEPTIEMBRE 2025/RECIBO DE PAGO Nº 01592 MARIA I FERNANDEZ  RESTANTE GC SEPTIEMBRE A DICIEMBRE 2024.docx
B-34,2024-12,2024-12,COMPLETO,,2025-09-18,GC,2025/SEPTIEMBRE 2025/RECIBO DE PAGO Nº 01592 MARIA I FERNANDEZ  RESTANTE GC SEPTIEMBRE A DICIEMBRE 2024.docx
A-26,2025-01,2025-01,COMPLETO,174,2025-02-03,GC,"2025/FEBRERO 2025/RECIBO DE PAGO Nº 00174 JOAO A, FIGUEIRA GASTOS COMUNES AGOSTO A DIC 2024.docx"
HM-09,2025-06,2025-06,COMPLETO,,2025-07-02,GC,"2025/JULIO 2025/RECIBO DE PAGO Nº 01127 CONSUELO, TRAZONA GT AGOSTO A NOV 2024.docx"
H-13,2024-11,2024-11,COMPLETO,,2025-05-02,GC,"2025/MAYO 2025/RECIBO DE PAGO Nº 00893 JULIO C, RUIZ GT AGOSTO A NOV 2024.docx"
L-01,2025-06,2025-06,COMPLETO,,2025-10-22,GC,"2025/OCTUBRE 2025/RECIBO DE PAGO Nº 01827 FRANCISCO J, GANAU  GC SEPTIEMBRE Y OCTUBRE 2024 - 100%.docx"
E-22,2025-04,2025-04,COMPLETO,,2025-11-08,GC,"2025/NOVIEMBRE 2025/RECIBO DE PAGO Nº 01979 MOISES, QUINTERO GT OCTUBRE 2024.docx"
E-21,2025-04,2025-04,COMPLETO,,2025-11-08,GC,"2025/NOVIEMBRE 2025/RECIBO DE PAGO Nº 01979 MOISES, QUINTERO GT OCTUBRE 2024.docx"
C-25,2024-10,2024-10,COMPLETO,2099,2024-11-22,GC,"2024/RECIBO DE PAGO Nº 2099 HIRSADELA E, SANCHEZ GASTOS COMUNES AGOSTO A OCTUBRE.docx"
C-24,2024-10,2024-10,COMPLETO,2099,2024-11-22,GC,"2024/RECIBO DE PAGO Nº 2099 HIRSADELA E, SANCHEZ GASTOS COMUNES AGOSTO A OCTUBRE.docx"
C-23,2024-10,2024-10,COMPLETO,2099,2024-11-22,GC,"2024/RECIBO DE PAGO Nº 2099 HIRSADELA E, SANCHEZ GASTOS COMUNES AGOSTO A OCTUBRE.docx"
K-04,2024-08,2024-08,COMPLETO,18,2025-10-27,GC,"2025/OCTUBRE 2025/RECIBO DE PAGO Nº 01865 ANA G, ARRAIZ GT AGOSTO 2024.docx"
J-06,2024-08,2024-08,COMPLETO,,2025-03-20,GC,"2025/MARZO 2025/RECIBO DE PAGO Nº 00500 CLEISYMAR, MONTILLA GT AGOSTO 2024.docx"
I-06,2024-08,2024-08,COMPLETO,,2025-10-22,GC,"2025/OCTUBRE 2025/RECIBO DE PAGO Nº 01819 MARIA P, LEBOREIRO GC AGOSTO 2024 - 32,85$.docx"
I-05,2024-08,2024-08,COMPLETO,,2025-10-22,GC,"2025/OCTUBRE 2025/RECIBO DE PAGO Nº 01819 MARIA P, LEBOREIRO GC AGOSTO 2024 - 32,85$.docx"
HM-06,2024-08,2024-08,COMPLETO,,2025-05-06,GC,"2025/MAYO 2025/RECIBO DE PAGO Nº 00911 CESAR H, ARTEAGA GT AGOSTO 2024.docx"
HM-05,2024-08,2024-08,COMPLETO,,2025-05-06,GC,"2025/MAYO 2025/RECIBO DE PAGO Nº 00911 CESAR H, ARTEAGA GT AGOSTO 2024.docx"
H-23,2024-08,2024-08,COMPLETO,41,2025-03-06,GC,"2025/MARZO 2025/RECIBO DE PAGO Nº 00415 JULIA Y, LOZADA GT AGOSTO 2024.docx"
H-14,2024-08,2024-08,COMPLETO,1455,2024-09-13,GC,"2024/GASTOS COMUNES AGOSTO Y SEPT 2024/RECIBO DE PAGO N° 1455 MANUEL A, PESTANO GASTOS COMUNES.docx"
H-09,2024-08,2024-08,COMPLETO,,2025-11-08,GC,"2025/NOVIEMBRE 2025/RECIBO DE PAGO Nº 01973 CARLOS A, DE SOUSA GT AGOSTO 2024.docx"
H-08,2024-08,2024-08,COMPLETO,,2025-11-08,GC,"2025/NOVIEMBRE 2025/RECIBO DE PAGO Nº 01973 CARLOS A, DE SOUSA GT AGOSTO 2024.docx"
H-03,2024-08,2024-08,COMPLETO,251,2025-02-12,GC,"2025/FEBRERO 2025/RECIBO DE PAGO Nº 00251 JESUS R, PACHECO GT AGOSTO 2024.docx"
GM-26,2024-08,2024-08,COMPLETO,16,2025-09-01,GC,"2025/SEPTIEMBRE 2025/RECIBO DE PAGO Nº 01648 VASCO, PINTO GT AGOSTO 2024.docx"
GM-24,2024-08,2024-08,COMPLETO,,2025-11-04,GC,"2025/NOVIEMBRE 2025/RECIBO DE PAGO Nº 01971 ADELACIA, COTE GT AGOSTO 2024.docx"
GM-09,2024-08,2024-08,COMPLETO,1791,2024-10-23,GC,"2024/GASTOS COMUNES AGOSTO Y SEPT 2024/RECIBO DE PAGO Nº 1791 YONATHAN E, MENDOZA GASTOS COMUNES AGOSTO.docx"
GM-08,2024-08,2024-08,COMPLETO,1791,2024-10-23,GC,"2024/GASTOS COMUNES AGOSTO Y SEPT 2024/RECIBO DE PAGO Nº 1791 YONATHAN E, MENDOZA GASTOS COMUNES AGOSTO.docx"
GM-07,2024-08,2024-08,COMPLETO,1658,2024-01-01,GC,"2024/GASTOS COMUNES AGOSTO Y SEPT 2024/RECIBO DE PAGO Nº 1658 MARIA V, LOZADA GASTOS COMUNES AGOSTO.docx"
GM-06,2024-08,2024-08,COMPLETO,1658,2024-01-01,GC,"2024/GASTOS COMUNES AGOSTO Y SEPT 2024/RECIBO DE PAGO Nº 1658 MARIA V, LOZADA GASTOS COMUNES AGOSTO.docx"
G-18,2024-08,2024-08,COMPLETO,,2025-05-20,GC,"2025/MAYO 2025/RECIBO DE PAGO Nº 00875 MARIBEL, DE ABREU GT AGOSTO 2024.docx"
G-11,2024-08,2024-08,COMPLETO,,2025-11-09,GC,"2025/NOVIEMBRE 2025/RECIBO DE PAGO Nº 01990 JUAN E, DE ABREU GT AGOSTO 2024.docx"
G-08,2024-08,2024-08,COMPLETO,,2025-05-20,GC,"2025/MAYO 2025/RECIBO DE PAGO Nº 00874 JOHNNY, DE ABREU GT AGOSTO 2024.docx"
G-07,2024-08,2024-08,COMPLETO,,2025-05-20,GC,"2025/MAYO 2025/RECIBO DE PAGO Nº 00874 JOHNNY, DE ABREU GT AGOSTO 2024.docx"
G-06,2024-08,2024-08,COMPLETO,,2025-05-20,GC,"2025/MAYO 2025/RECIBO DE PAGO Nº 00873 DEIVIS, DE ABREU GT AGOSTO 2024.docx"
G-05,2024-08,2024-08,COMPLETO,,2025-05-20,GC,"2025/MAYO 2025/RECIBO DE PAGO Nº 00872 JOAO L, DE ABREU GT AGOSTO 2024.docx"
G-00,2024-08,2024-08,COMPLETO,,2025-03-20,GC,"2025/MARZO 2025/RECIBO DE PAGO Nº 00527 GIUSSEPPA A, MANGIALOMINI GT AGOSTO 2024.docx"
F-22,2024-08,2024-08,COMPLETO,223,2025-02-07,GC,"2025/FEBRERO 2025/RECIBO DE PAGO Nº 00223 LUIS H, VELAZCO GT AGOSTO 2024.docx"
F-12,2024-08,2024-08,COMPLETO,1610,2024-01-01,GC,"2024/GASTOS COMUNES AGOSTO Y SEPT 2024/RECIBO DE PAGO Nº 1610 EVA, NUÑEZ GASTOS COMUNES AGOSTO.docx"
F-07,2024-08,2024-08,COMPLETO,,2025-07-07,GC,"2025/JULIO 2025/RECIBO DE PAGO Nº 01210 HIPOLITO, DIAZ GT AGOSTO 2024 .docx"
E-36,2024-08,2024-08,COMPLETO,,2025-10-10,GC,"2025/OCTUBRE 2025/RECIBO DE PAGO Nº 01769 LUIS M, BERROTERAN GT AGOSTO 2024.docx"
E-35,2024-08,2024-08,COMPLETO,,2025-10-10,GC,"2025/OCTUBRE 2025/RECIBO DE PAGO Nº 01769 LUIS M, BERROTERAN GT AGOSTO 2024.docx"
E-34,2024-08,2024-08,COMPLETO,,2025-10-10,GC,"2025/OCTUBRE 2025/RECIBO DE PAGO Nº 01769 LUIS M, BERROTERAN GT AGOSTO 2024.docx"
E-33,2024-08,2024-08,COMPLETO,,2025-10-10,GC,"2025/OCTUBRE 2025/RECIBO DE PAGO Nº 01769 LUIS M, BERROTERAN GT AGOSTO 2024.docx"
E-32,2024-08,2024-08,COMPLETO,,2025-06-10,GC,"2025/JUNIO 2025/RECIBO DE PAGO Nº 01005 LUIS M, BERROTERAN GT AGOSTO 2024.docx"
E-31,2024-08,2024-08,COMPLETO,,2025-06-10,GC,"2025/JUNIO 2025/RECIBO DE PAGO Nº 01005 LUIS M, BERROTERAN GT AGOSTO 2024.docx"
E-30,2024-08,2024-08,COMPLETO,,2025-06-10,GC,"2025/JUNIO 2025/RECIBO DE PAGO Nº 01005 LUIS M, BERROTERAN GT AGOSTO 2024.docx"
E-29,2024-08,2024-08,COMPLETO,,2025-06-10,GC,"2025/JUNIO 2025/RECIBO DE PAGO Nº 01005 LUIS M, BERROTERAN GT AGOSTO 2024.docx"
E-28,2024-08,2024-08,COMPLETO,,2025-06-03,GC,"2025/JUNIO 2025/RECIBO DE PAGO Nº 01036 VERONI, MENDEZ GT AGOSTO 2024.docx"
E-08,2024-08,2024-08,COMPLETO,,2025-08-08,GC,"2025/AGOSTO 2025/RECIBO DE PAGO Nº 01410 LUIS E, DORTA GT AGOSTO 2024.docx"
D-44,2024-08,2024-08,COMPLETO,,2025-05-03,GC,"2025/MAYO 2025/RECIBO DE PAGO Nº 00904 MARIA L, VALENCIA GT AGOSTO 2024.docx"
D-43,2024-08,2024-08,COMPLETO,,2025-05-03,GC,"2025/MAYO 2025/RECIBO DE PAGO Nº 00904 MARIA L, VALENCIA GT AGOSTO 2024.docx"
D-42,2024-08,2024-08,COMPLETO,,2025-05-03,GC,"2025/MAYO 2025/RECIBO DE PAGO Nº 00904 MARIA L, VALENCIA GT AGOSTO 2024.docx"
BM-20,2024-08,2024-08,COMPLETO,231,2025-02-07,GC,"2025/FEBRERO 2025/RECIBO DE PAGO Nº 00231 MARCO J, AQUINO GT AGOSTO 2024.docx"
BM-19,2024-08,2024-08,COMPLETO,231,2025-02-07,GC,"2025/FEBRERO 2025/RECIBO DE PAGO Nº 00231 MARCO J, AQUINO GT AGOSTO 2024.docx"
BM-18,2024-08,2024-08,COMPLETO,231,2025-02-07,GC,"2025/FEBRERO 2025/RECIBO DE PAGO Nº 00231 MARCO J, AQUINO GT AGOSTO 2024.docx"
BM-17,2024-08,2024-08,COMPLETO,231,2025-02-07,GC,"2025/FEBRERO 2025/RECIBO DE PAGO Nº 00231 MARCO J, AQUINO GT AGOSTO 2024.docx"
BM-16,2024-08,2024-08,COMPLETO,231,2025-02-07,GC,"2025/FEBRERO 2025/RECIBO DE PAGO Nº 00231 MARCO J, AQUINO GT AGOSTO 2024.docx"
BM-15,2024-08,2024-08,COMPLETO,231,2025-02-07,GC,"2025/FEBRERO 2025/RECIBO DE PAGO Nº 00231 MARCO J, AQUINO GT AGOSTO 2024.docx"
BM-07,2024-08,2024-08,COMPLETO,1572,2024-01-01,GC,"2024/GASTOS COMUNES AGOSTO Y SEPT 2024/RECIBO DE PAGO Nº 1571 JOSE I, DE FREITAS GASTOS COMUNES AGOSTO.docx"
BM-06,2024-08,2024-08,COMPLETO,1572,2024-01-01,GC,"2024/GASTOS COMUNES AGOSTO Y SEPT 2024/RECIBO DE PAGO Nº 1571 JOSE I, DE FREITAS GASTOS COMUNES AGOSTO.docx"
BM-05,2024-08,2024-08,COMPLETO,1572,2024-01-01,GC,"2024/GASTOS COMUNES AGOSTO Y SEPT 2024/RECIBO DE PAGO Nº 1571 JOSE I, DE FREITAS GASTOS COMUNES AGOSTO.docx"
BM-04,2024-08,2024-08,COMPLETO,1572,2024-01-01,GC,"2024/GASTOS COMUNES AGOSTO Y SEPT 2024/RECIBO DE PAGO Nº 1571 JOSE I, DE FREITAS GASTOS COMUNES AGOSTO.docx"
BM-03,2024-08,2024-08,COMPLETO,1572,2024-01-01,GC,"2024/GASTOS COMUNES AGOSTO Y SEPT 2024/RECIBO DE PAGO Nº 1571 JOSE I, DE FREITAS GASTOS COMUNES AGOSTO.docx"
BM-02,2024-11,2024-11,COMPLETO,1572,2024-01-01,GC,2024/GASTOS COMUNES AGOSTO Y SEPT 2024/RECIBO DE PAGO Nº 1572 BRIGIDA DE  FREITAS GASTOS COMUNES AGOSTO.docx
BM-01,2024-11,2024-11,COMPLETO,1572,2024-01-01,GC,2024/GASTOS COMUNES AGOSTO Y SEPT 2024/RECIBO DE PAGO Nº 1572 BRIGIDA DE  FREITAS GASTOS COMUNES AGOSTO.docx
B-37,2024-08,2024-08,COMPLETO,,2025-07-01,GC,"2025/JULIO 2025/RECIBO DE PAGO Nº 01277 VERONI, MENDEZ GT AGOSTO 2024.docx"
AM-12,2024-08,2024-08,COMPLETO,,2025-11-09,GC,"2025/NOVIEMBRE 2025/RECIBO DE PAGO Nº 01987 ILVA, MORA GT AGOSTO 2024.docx"
AM-11,2024-08,2024-08,COMPLETO,,2025-11-09,GC,"2025/NOVIEMBRE 2025/RECIBO DE PAGO Nº 01987 ILVA, MORA GT AGOSTO 2024.docx"
AM-10,2024-08,2024-08,COMPLETO,,2025-11-09,GC,"2025/NOVIEMBRE 2025/RECIBO DE PAGO Nº 01987 ILVA, MORA GT AGOSTO 2024.docx"
AM-09,2024-08,2024-08,COMPLETO,,2025-11-09,GC,"2025/NOVIEMBRE 2025/RECIBO DE PAGO Nº 01987 ILVA, MORA GT AGOSTO 2024.docx"
AM-08,2024-08,2024-08,COMPLETO,,2025-11-09,GC,"2025/NOVIEMBRE 2025/RECIBO DE PAGO Nº 01981 ROSINA I, PIMENTEL GT AGOSTO 2024 .docx"
AM-07,2024-08,2024-08,COMPLETO,,2025-11-09,GC,"2025/NOVIEMBRE 2025/RECIBO DE PAGO Nº 01981 ROSINA I, PIMENTEL GT AGOSTO 2024 .docx"
AM-06,2024-08,2024-08,COMPLETO,,2025-11-09,GC,"2025/NOVIEMBRE 2025/RECIBO DE PAGO Nº 01981 ROSINA I, PIMENTEL GT AGOSTO 2024 .docx"
A-33,2024-08,2024-08,COMPLETO,,2025-05-08,GC,"2025/MAYO 2025/RECIBO DE PAGO Nº 00783 RAFFAELE, GIOVANUCCI GT AGOSTO 2024.docx"
A-32,2024-08,2024-08,COMPLETO,,2025-05-08,GC,"2025/MAYO 2025/RECIBO DE PAGO Nº 00783 RAFFAELE, GIOVANUCCI GT AGOSTO 2024.docx"
A-31,2024-08,2024-08,COMPLETO,,2025-05-08,GC,"2025/MAYO 2025/RECIBO DE PAGO Nº 00783 RAFFAELE, GIOVANUCCI GT AGOSTO 2024.docx"
A-30,2024-08,2024-08,COMPLETO,,2025-05-08,GC,"2025/MAYO 2025/RECIBO DE PAGO Nº 00783 RAFFAELE, GIOVANUCCI GT AGOSTO 2024.docx"
A-06,2024-08,2024-08,COMPLETO,,2025-05-05,GC,"2025/MAYO 2025/RECIBO DE PAGO Nº 00751 JESUS A, LOVERA GT AGOSTO 2024.docx"
A-04,2024-08,2024-08,COMPLETO,,2025-05-05,GC,"2025/MAYO 2025/RECIBO DE PAGO Nº 00750 JESUS A, LOVERA GT AGOSTO 2024.docx"
A-03,2025-11,2025-11,COMPLETO,1738,2024-10-18,GC,"2024/RECIBO DE PAGO N° 1737 MARIA F, DE SOUSA GASTOS COMUNES MES AGOSTO.docx"

OFICINA TERRAZA,2025-11,2025-11,COMPLETO,,,GC,
LOCAL TERRAZA,2025-11,2025-11,COMPLETO,,,GC,
LOCAL 6,2025-11,2025-11,COMPLETO,,,GC,
LOCAL 7,2025-11,2025-11,COMPLETO,,,GC,
LOCAL 8,2025-11,2025-11,COMPLETO,,,GC,
A-18,2025-04,2025-04,COMPLETO,,,GC,
A-35,2025-04,2025-04,COMPLETO,,,GC,
A-36,2025-04,2025-04,COMPLETO,,,GC,
A-37,2025-04,2025-04,COMPLETO,,,GC,
A-38,2025-04,2025-04,COMPLETO,,,GC,
B-24,2025-02,2025-02,COMPLETO,,,GC,
B-33,2025-06,2025-06,COMPLETO,,,GC,
B-40,2024-12,2024-12,COMPLETO,,,GC,
B-41,2024-12,2024-12,COMPLETO,,,GC,
B-15,2025-06,2025-06,COMPLETO,,,GC,
DM-17,2024-12,2024-12,COMPLETO,,,GC,
DM-18,2024-12,2024-12,COMPLETO,,,GC,
DM-19,2024-12,2024-12,COMPLETO,,,GC,
DM-20,2024-12,2024-12,COMPLETO,,,GC,
E-05,2025-04,2025-04,COMPLETO,,,GC,
E-17,2025-06,2025-06,COMPLETO,,,GC,
E-20,2024-12,2024-12,COMPLETO,,,GC,
E-23,2025-04,2025-04,COMPLETO,,,GC,
E-24,2025-04,2025-04,COMPLETO,,,GC,
E-43,2025-02,2025-02,COMPLETO,,,GC,
F-18,2025-06,2025-06,COMPLETO,,,GC,
F-19,2025-06,2025-06,COMPLETO,,,GC,
A-05,2024-08,2024-08,COMPLETO,,,GC,
A-10,2024-08,2024-08,COMPLETO,,,GC,
A-12,2024-08,2024-08,COMPLETO,,,GC,
A-13,2024-08,2024-08,COMPLETO,,,GC,
A-14,2024-08,2024-08,COMPLETO,,,GC,
B-01,2024-08,2024-08,COMPLETO,,,GC,
B-02,2024-08,2024-08,COMPLETO,,,GC,
B-03,2024-08,2024-08,COMPLETO,,,GC,
B-04,2024-08,2024-08,COMPLETO,,,GC,
B-05,2024-08,2024-08,COMPLETO,,,GC,
B-06,2024-08,2024-08,COMPLETO,,,GC,
B-07,2024-08,2024-08,COMPLETO,,,GC,
B-08,2024-08,2024-08,COMPLETO,,,GC,
B-09,2024-08,2024-08,COMPLETO,,,GC,
B-10,2024-08,2024-08,COMPLETO,,,GC,
BM-08,2024-08,2024-08,COMPLETO,,,GC,
BM-09,2024-08,2024-08,COMPLETO,,,GC,
C-10,2024-08,2024-08,COMPLETO,,,GC,
C-11,2024-08,2024-08,COMPLETO,,,GC,
C-12,2024-08,2024-08,COMPLETO,,,GC,
C-13,2024-08,2024-08,COMPLETO,,,GC,
C-36,2024-08,2024-08,COMPLETO,,,GC,
C-37,2024-08,2024-08,COMPLETO,,,GC,
CM-05,2024-08,2024-08,COMPLETO,,,GC,
E-15,2024-08,2024-08,COMPLETO,,,GC,
E-16,2024-08,2024-08,COMPLETO,,,GC,
E-27,2024-08,2024-08,COMPLETO,,,GC,
F-08,2024-08,2024-08,COMPLETO,,,GC,
F-15,2024-08,2024-08,COMPLETO,,,GC,
F-16,2024-08,2024-08,COMPLETO,,,GC,
F-17,2024-08,2024-08,COMPLETO,,,GC,
F-33,2024-08,2024-08,COMPLETO,,,GC,
F-36,2024-08,2024-08,COMPLETO,,,GC,
FL-01,2024-08,2024-08,COMPLETO,,,GC,
G-01A,2024-08,2024-08,COMPLETO,,,GC,
G-12,2024-08,2024-08,COMPLETO,,,GC,
G-15A,2024-08,2024-08,COMPLETO,,,GC,
G-20,2024-08,2024-08,COMPLETO,,,GC,
GM-01,2024-08,2024-08,COMPLETO,,,GC,
GM-02,2024-08,2024-08,COMPLETO,,,GC,
GM-04,2024-08,2024-08,COMPLETO,,,GC,
GM-17,2024-08,2024-08,COMPLETO,,,GC,
GM-25,2024-08,2024-08,COMPLETO,,,GC,
H-02,2024-08,2024-08,COMPLETO,,,GC,
H-02A,2024-08,2024-08,COMPLETO,,,GC,
HM-02,2024-08,2024-08,COMPLETO,,,GC,
HM-12A,2024-08,2024-08,COMPLETO,,,GC,
HM-12B,2024-08,2024-08,COMPLETO,,,GC,
HM-24,2024-08,2024-08,COMPLETO,,,GC,
HM-27,2024-08,2024-08,COMPLETO,,,GC,
I-03,2024-08,2024-08,COMPLETO,,,GC,
I-04,2024-08,2024-08,COMPLETO,,,GC,
I-11,2024-08,2024-08,COMPLETO,,,GC,
J-03,2024-08,2024-08,COMPLETO,,,GC,
K-02,2024-08,2024-08,COMPLETO,,,GC,
PLZ-01,2024-08,2024-08,COMPLETO,,,GC,
E-01,2024-08,2024-08,COMPLETO,,,GC,
E-02,2024-08,2024-08,COMPLETO,,,GC,
E-03,2024-08,2024-08,COMPLETO,,,GC,
E-04,2024-08,2024-08,COMPLETO,,,GC,
E-07,2024-08,2024-08,COMPLETO,,,GC,
E-09,2024-08,2024-08,COMPLETO,,,GC,
A-21,2024-08,2024-08,COMPLETO,,,GC,
A-22,2024-08,2024-08,COMPLETO,,,GC,
A-23,2024-08,2024-08,COMPLETO,,,GC,
A-24,2024-08,2024-08,COMPLETO,,,GC,
A-28,2024-08,2024-08,COMPLETO,,,GC,
AM-18,2024-08,2024-08,COMPLETO,,,GC,
AM-19,2024-08,2024-08,COMPLETO,,,GC,
AM-20,2024-08,2024-08,COMPLETO,,,GC,
BM-21,2024-08,2024-08,COMPLETO,,,GC,
D-01,2024-08,2024-08,COMPLETO,,,GC,
DM-01,2024-08,2024-08,COMPLETO,,,GC,
DM-02,2024-08,2024-08,COMPLETO,,,GC,
H-01A,2024-08,2024-08,COMPLETO,,,GC,
A-34,2025-06,2025-06,COMPLETO,,,GC,
DM-22,2025-06,2025-06,COMPLETO,,,GC,
HM-08,2024-12,2024-12,COMPLETO,,,GC,
A-05,2025-06,2025-06,COMPLETO,,,GC,
A-21,2025-06,2025-06,COMPLETO,,,GC,
A-22,2025-06,2025-06,COMPLETO,,,GC,
A-28,2025-06,2025-06,COMPLETO,,,GC,
AM-18,2025-06,2025-06,COMPLETO,,,GC,
AM-19,2025-06,2025-06,COMPLETO,,,GC,
AM-20,2025-06,2025-06,COMPLETO,,,GC,
B-01,2024-10,2024-10,COMPLETO,,,GC,
B-02,2024-10,2024-10,COMPLETO,,,GC,
B-03,2024-10,2024-10,COMPLETO,,,GC,
B-04,2024-10,2024-10,COMPLETO,,,GC,
B-05,2024-10,2024-10,COMPLETO,,,GC,
B-06,2024-10,2024-10,COMPLETO,,,GC,
B-07,2024-10,2024-10,COMPLETO,,,GC,
B-08,2024-10,2024-10,COMPLETO,,,GC,
B-09,2024-10,2024-10,COMPLETO,,,GC,
B-10,2024-10,2024-10,COMPLETO,,,GC,
BM-03,2024-11,2024-11,COMPLETO,,,GC,
BM-04,2024-11,2024-11,COMPLETO,,,GC,
BM-05,2024-11,2024-11,COMPLETO,,,GC,
BM-06,2024-11,2024-11,COMPLETO,,,GC,
BM-07,2024-11,2024-11,COMPLETO,,,GC,
BM-08,2025-06,2025-06,COMPLETO,,,GC,
BM-09,2025-06,2025-06,COMPLETO,,,GC,
BM-15,2025-03,2025-03,COMPLETO,,,GC,
BM-16,2025-03,2025-03,COMPLETO,,,GC,
BM-17,2025-06,2025-06,COMPLETO,,,GC,
BM-18,2025-06,2025-06,COMPLETO,,,GC,
BM-19,2025-06,2025-06,COMPLETO,,,GC,
BM-20,2025-03,2025-03,COMPLETO,,,GC,
BM-21,2025-06,2025-06,COMPLETO,,,GC,
C-10,2025-03,2025-03,COMPLETO,,,GC,
C-11,2025-03,2025-03,COMPLETO,,,GC,
C-12,2025-03,2025-03,COMPLETO,,,GC,
C-13,2025-03,2025-03,COMPLETO,,,GC,
C-26,2025-06,2025-06,COMPLETO,,,GC,
C-36,2024-10,2024-10,COMPLETO,,,GC,
C-37,2024-10,2024-10,COMPLETO,,,GC,
CM-02,2025-06,2025-06,COMPLETO,,,GC,
CM-05,2025-03,2025-03,COMPLETO,,,GC,
CM-12,2025-06,2025-06,COMPLETO,,,GC,
CM-13,2025-06,2025-06,COMPLETO,,,GC,
CM-14,2025-06,2025-06,COMPLETO,,,GC,
CM-15,2025-06,2025-06,COMPLETO,,,GC,
CM-16,2025-06,2025-06,COMPLETO,,,GC,
CM-17,2025-06,2025-06,COMPLETO,,,GC,
CM-18,2025-06,2025-06,COMPLETO,,,GC,
CM-19,2025-06,2025-06,COMPLETO,,,GC,
D-01,2025-06,2025-06,COMPLETO,,,GC,
D-42,2025-06,2025-06,COMPLETO,,,GC,
D-43,2025-06,2025-06,COMPLETO,,,GC,
D-44,2025-06,2025-06,COMPLETO,,,GC,
E-15,2025-03,2025-03,COMPLETO,,,GC,
E-16,2025-03,2025-03,COMPLETO,,,GC,
E-29,2024-11,2024-11,COMPLETO,,,GC,
E-30,2024-11,2024-11,COMPLETO,,,GC,
E-31,2024-11,2024-11,COMPLETO,,,GC,
E-32,2024-11,2024-11,COMPLETO,,,GC,
E-33,2024-11,2024-11,COMPLETO,,,GC,
E-34,2024-11,2024-11,COMPLETO,,,GC,
E-35,2024-11,2024-11,COMPLETO,,,GC,
E-36,2024-11,2024-11,COMPLETO,,,GC,
F-12,2025-06,2025-06,COMPLETO,,,GC,
F-15,2025-06,2025-06,COMPLETO,,,GC,
F-16,2025-06,2025-06,COMPLETO,,,GC,
F-17,2025-06,2025-06,COMPLETO,,,GC,
F-33,2025-03,2025-03,COMPLETO,,,GC,
F-36,2024-11,2024-11,COMPLETO,,,GC,
FL-01,2025-02,2025-02,COMPLETO,,,GC,
G-04,2025-06,2025-06,COMPLETO,,,GC,
G-12,2024-12,2024-12,COMPLETO,,,GC,
G-15A,2025-06,2025-06,COMPLETO,,,GC,
G-16,2025-06,2025-06,COMPLETO,,,GC,
G-18,2025-06,2025-06,COMPLETO,,,GC,
GM-01,2025-06,2025-06,COMPLETO,,,GC,
GM-02,2025-06,2025-06,COMPLETO,,,GC,
GM-04,2024-12,2024-12,COMPLETO,,,GC,
GM-20,2025-06,2025-06,COMPLETO,,,GC,
GM-24,2025-06,2025-06,COMPLETO,,,GC,
GM-26,2025-06,2025-06,COMPLETO,,,GC,
H-01,2025-06,2025-06,COMPLETO,,,GC,
HM-02,2025-01,2025-01,COMPLETO,,,GC,
HM-19,2025-06,2025-06,COMPLETO,,,GC,
HM-24,2025-06,2025-06,COMPLETO,,,GC,
HM-27,2024-12,2024-12,COMPLETO,,,GC,
I-03,2025-06,2025-06,COMPLETO,,,GC,
I-04,2025-06,2025-06,COMPLETO,,,GC,
I-05,2025-06,2025-06,COMPLETO,,,GC,
I-06,2025-06,2025-06,COMPLETO,,,GC,
I-11,2025-06,2025-06,COMPLETO,,,GC,
J-03,2025-01,2025-01,COMPLETO,,,GC,
PLZ-01,2025-06,2025-06,COMPLETO,,,GC,
